epsilon,margin,binding_s1,binding_tree
0.000000000,0.148052500000,0,"(a0,a0,a1)"
0.001000000,0.147946275525,0,"(a0,a0,a1)"
0.002000000,0.147839140594,0,"(a0,a0,a1)"
0.003000000,0.147731096123,0,"(a0,a0,a1)"
0.004000000,0.147622143022,0,"(a0,a0,a1)"
0.005000000,0.147512282201,0,"(a0,a0,a1)"
0.006000000,0.147401514565,0,"(a0,a0,a1)"
0.007000000,0.147289841016,0,"(a0,a0,a1)"
0.008000000,0.147177262451,0,"(a0,a0,a1)"
0.009000000,0.147063779766,0,"(a0,a0,a1)"
0.010000000,0.146949393852,0,"(a0,a0,a1)"
0.011000000,0.146834105597,0,"(a0,a0,a1)"
0.012000000,0.146717915886,0,"(a0,a0,a1)"
0.013000000,0.146600825600,0,"(a0,a0,a1)"
0.014000000,0.146482835617,0,"(a0,a0,a1)"
0.015000000,0.146363946811,0,"(a0,a0,a1)"
0.016000000,0.146244160053,0,"(a0,a0,a1)"
0.017000000,0.146123476212,0,"(a0,a0,a1)"
0.018000000,0.146001896152,0,"(a0,a0,a1)"
0.019000000,0.145879420734,0,"(a0,a0,a1)"
0.020000000,0.145756050817,0,"(a0,a0,a1)"
0.021000000,0.145631787254,0,"(a0,a0,a1)"
0.022000000,0.145506630896,0,"(a0,a0,a1)"
0.023000000,0.145380582593,0,"(a0,a0,a1)"
0.024000000,0.145253643189,0,"(a0,a0,a1)"
0.025000000,0.145125813525,0,"(a0,a0,a1)"
0.026000000,0.144997094439,0,"(a0,a0,a1)"
0.027000000,0.144867486766,0,"(a0,a0,a1)"
0.028000000,0.144736991339,0,"(a0,a0,a1)"
0.029000000,0.144605608985,0,"(a0,a0,a1)"
0.030000000,0.144473340531,0,"(a0,a0,a1)"
0.031000000,0.144340186797,0,"(a0,a0,a1)"
0.032000000,0.144206148604,0,"(a0,a0,a1)"
0.033000000,0.144071226766,0,"(a0,a0,a1)"
0.034000000,0.143935422096,0,"(a0,a0,a1)"
0.035000000,0.143798735404,0,"(a0,a0,a1)"
0.036000000,0.143661167495,0,"(a0,a0,a1)"
0.037000000,0.143522719173,0,"(a0,a0,a1)"
0.038000000,0.143383391238,0,"(a0,a0,a1)"
0.039000000,0.143243184486,0,"(a0,a0,a1)"
0.040000000,0.143102099711,0,"(a0,a0,a1)"
0.041000000,0.142960137703,0,"(a0,a0,a1)"
0.042000000,0.142817299251,0,"(a0,a0,a1)"
0.043000000,0.142673585137,0,"(a0,a0,a1)"
0.044000000,0.142528996143,0,"(a0,a0,a1)"
0.045000000,0.142383533048,0,"(a0,a0,a1)"
0.046000000,0.142237196626,0,"(a0,a0,a1)"
0.047000000,0.142089987649,0,"(a0,a0,a1)"
0.048000000,0.141941906887,0,"(a0,a0,a1)"
0.049000000,0.141792955104,0,"(a0,a0,a1)"
0.050000000,0.141643133065,0,"(a0,a0,a1)"
0.051000000,0.141492441527,0,"(a0,a0,a1)"
0.052000000,0.141340881249,0,"(a0,a0,a1)"
0.053000000,0.141188452984,0,"(a0,a0,a1)"
0.054000000,0.141035157482,0,"(a0,a0,a1)"
0.055000000,0.140880995491,0,"(a0,a0,a1)"
0.056000000,0.140725967757,0,"(a0,a0,a1)"
0.057000000,0.140570075020,0,"(a0,a0,a1)"
0.058000000,0.140413318019,0,"(a0,a0,a1)"
0.059000000,0.140255697490,0,"(a0,a0,a1)"
0.060000000,0.140097214166,0,"(a0,a0,a1)"
0.061000000,0.139937868777,0,"(a0,a0,a1)"
0.062000000,0.139777662049,0,"(a0,a0,a1)"
0.063000000,0.139616594706,0,"(a0,a0,a1)"
0.064000000,0.139454667470,0,"(a0,a0,a1)"
0.065000000,0.139291881058,0,"(a0,a0,a1)"
0.066000000,0.139128236186,0,"(a0,a0,a1)"
0.067000000,0.138963733566,0,"(a0,a0,a1)"
0.068000000,0.138798373907,0,"(a0,a0,a1)"
0.069000000,0.138632157916,0,"(a0,a0,a1)"
0.070000000,0.138465086296,0,"(a0,a0,a1)"
0.071000000,0.138297159748,0,"(a0,a0,a1)"
0.072000000,0.138128378969,0,"(a0,a0,a1)"
0.073000000,0.137958744656,0,"(a0,a0,a1)"
0.074000000,0.137788257498,0,"(a0,a0,a1)"
0.075000000,0.137616918187,0,"(a0,a0,a1)"
0.076000000,0.137444727409,0,"(a0,a0,a1)"
0.077000000,0.137271685846,0,"(a0,a0,a1)"
0.078000000,0.137097794180,0,"(a0,a0,a1)"
0.079000000,0.136923053088,0,"(a0,a0,a1)"
0.080000000,0.136747463247,0,"(a0,a0,a1)"
0.081000000,0.136571025327,0,"(a0,a0,a1)"
0.082000000,0.136393739999,0,"(a0,a0,a1)"
0.083000000,0.136215607929,0,"(a0,a0,a1)"
0.084000000,0.136036629781,0,"(a0,a0,a1)"
0.085000000,0.135856806217,0,"(a0,a0,a1)"
0.086000000,0.135676137895,0,"(a0,a0,a1)"
0.087000000,0.135494625469,0,"(a0,a0,a1)"
0.088000000,0.135312269594,0,"(a0,a0,a1)"
0.089000000,0.135129070920,0,"(a0,a0,a1)"
0.090000000,0.134945030093,0,"(a0,a0,a1)"
0.091000000,0.134760147759,0,"(a0,a0,a1)"
0.092000000,0.134574424559,0,"(a0,a0,a1)"
0.093000000,0.134387861133,0,"(a0,a0,a1)"
0.094000000,0.134200458116,0,"(a0,a0,a1)"
0.095000000,0.134012216144,0,"(a0,a0,a1)"
0.096000000,0.133823135846,0,"(a0,a0,a1)"
0.097000000,0.133633217852,0,"(a0,a0,a1)"
0.098000000,0.133442462787,0,"(a0,a0,a1)"
0.099000000,0.133250871274,0,"(a0,a0,a1)"
0.100000000,0.133058443934,0,"(a0,a0,a1)"
0.101000000,0.132865181384,0,"(a0,a0,a1)"
0.102000000,0.132671084239,0,"(a0,a0,a1)"
0.103000000,0.132476153111,0,"(a0,a0,a1)"
0.104000000,0.132280388611,0,"(a0,a0,a1)"
0.105000000,0.132083791346,0,"(a0,a0,a1)"
0.106000000,0.131886361919,0,"(a0,a0,a1)"
0.107000000,0.131688100933,0,"(a0,a0,a1)"
0.108000000,0.131489008987,0,"(a0,a0,a1)"
0.109000000,0.131289086678,0,"(a0,a0,a1)"
0.110000000,0.131088334600,0,"(a0,a0,a1)"
0.111000000,0.130886753344,0,"(a0,a0,a1)"
0.112000000,0.130684343498,0,"(a0,a0,a1)"
0.113000000,0.130481105650,0,"(a0,a0,a1)"
0.114000000,0.130277040382,0,"(a0,a0,a1)"
0.115000000,0.130072148277,0,"(a0,a0,a1)"
0.116000000,0.129866429912,0,"(a0,a0,a1)"
0.117000000,0.129659885863,0,"(a0,a0,a1)"
0.118000000,0.129452516704,0,"(a0,a0,a1)"
0.119000000,0.129244323006,0,"(a0,a0,a1)"
0.120000000,0.129035305336,0,"(a0,a0,a1)"
0.121000000,0.128825464262,0,"(a0,a0,a1)"
0.122000000,0.128614800345,0,"(a0,a0,a1)"
0.123000000,0.128403314147,0,"(a0,a0,a1)"
0.124000000,0.128191006225,0,"(a0,a0,a1)"
0.125000000,0.127977877137,0,"(a0,a0,a1)"
0.126000000,0.127763927434,0,"(a0,a0,a1)"
0.127000000,0.127549157667,0,"(a0,a0,a1)"
0.128000000,0.127333568385,0,"(a0,a0,a1)"
0.129000000,0.127117160133,0,"(a0,a0,a1)"
0.130000000,0.126899933455,0,"(a0,a0,a1)"
0.131000000,0.126681888891,0,"(a0,a0,a1)"
0.132000000,0.126463026980,0,"(a0,a0,a1)"
0.133000000,0.126243348257,0,"(a0,a0,a1)"
0.134000000,0.126022853255,0,"(a0,a0,a1)"
0.135000000,0.125801542506,0,"(a0,a0,a1)"
0.136000000,0.125579416538,0,"(a0,a0,a1)"
0.137000000,0.125356475877,0,"(a0,a0,a1)"
0.138000000,0.125132721047,0,"(a0,a0,a1)"
0.139000000,0.124908152568,0,"(a0,a0,a1)"
0.140000000,0.124682770960,0,"(a0,a0,a1)"
0.141000000,0.124456576739,0,"(a0,a0,a1)"
0.142000000,0.124229570418,0,"(a0,a0,a1)"
0.143000000,0.124001752510,0,"(a0,a0,a1)"
0.144000000,0.123773123522,0,"(a0,a0,a1)"
0.145000000,0.123543683962,0,"(a0,a0,a1)"
0.146000000,0.123313434335,0,"(a0,a0,a1)"
0.147000000,0.123082375142,0,"(a0,a0,a1)"
0.148000000,0.122850506882,0,"(a0,a0,a1)"
0.149000000,0.122617830053,0,"(a0,a0,a1)"
0.150000000,0.122384345149,0,"(a0,a0,a1)"
0.151000000,0.122150052664,0,"(a0,a0,a1)"
0.152000000,0.121914953086,0,"(a0,a0,a1)"
0.153000000,0.121679046904,0,"(a0,a0,a1)"
0.154000000,0.121442334603,0,"(a0,a0,a1)"
0.155000000,0.121204816667,0,"(a0,a0,a1)"
0.156000000,0.120966493575,0,"(a0,a0,a1)"
0.157000000,0.120727365806,0,"(a0,a0,a1)"
0.158000000,0.120487433837,0,"(a0,a0,a1)"
0.159000000,0.120246698140,0,"(a0,a0,a1)"
0.160000000,0.120005159188,0,"(a0,a0,a1)"
0.161000000,0.119762817449,0,"(a0,a0,a1)"
0.162000000,0.119519673390,0,"(a0,a0,a1)"
0.163000000,0.119275727476,0,"(a0,a0,a1)"
0.164000000,0.119030980168,0,"(a0,a0,a1)"
0.165000000,0.118785431928,0,"(a0,a0,a1)"
0.166000000,0.118539083211,0,"(a0,a0,a1)"
0.167000000,0.118291934475,0,"(a0,a0,a1)"
0.168000000,0.118043986171,0,"(a0,a0,a1)"
0.169000000,0.117795238750,0,"(a0,a0,a1)"
0.170000000,0.117545692662,0,"(a0,a0,a1)"
0.171000000,0.117295348352,0,"(a0,a0,a1)"
0.172000000,0.117044206264,0,"(a0,a0,a1)"
0.173000000,0.116792266841,0,"(a0,a0,a1)"
0.174000000,0.116539530521,0,"(a0,a0,a1)"
0.175000000,0.116285997742,0,"(a0,a0,a1)"
0.176000000,0.116031668938,0,"(a0,a0,a1)"
0.177000000,0.115776544544,0,"(a0,a0,a1)"
0.178000000,0.115520624989,0,"(a0,a0,a1)"
0.179000000,0.115263910702,0,"(a0,a0,a1)"
0.180000000,0.115006402108,0,"(a0,a0,a1)"
0.181000000,0.114748099633,0,"(a0,a0,a1)"
0.182000000,0.114489003697,0,"(a0,a0,a1)"
0.183000000,0.114229114720,0,"(a0,a0,a1)"
0.184000000,0.113968433120,0,"(a0,a0,a1)"
0.185000000,0.113706959311,0,"(a0,a0,a1)"
0.186000000,0.113444693707,0,"(a0,a0,a1)"
0.187000000,0.113181636719,0,"(a0,a0,a1)"
0.188000000,0.112917788754,0,"(a0,a0,a1)"
0.189000000,0.112653150220,0,"(a0,a0,a1)"
0.190000000,0.112387721520,0,"(a0,a0,a1)"
0.191000000,0.112121503058,0,"(a0,a0,a1)"
0.192000000,0.111854495232,0,"(a0,a0,a1)"
0.193000000,0.111586698441,0,"(a0,a0,a1)"
0.194000000,0.111318113080,0,"(a0,a0,a1)"
0.195000000,0.111048739542,0,"(a0,a0,a1)"
0.196000000,0.110778578220,0,"(a0,a0,a1)"
0.197000000,0.110507629502,0,"(a0,a0,a1)"
0.198000000,0.110235893775,0,"(a0,a0,a1)"
0.199000000,0.109963371425,0,"(a0,a0,a1)"
0.200000000,0.109690062834,0,"(a0,a0,a1)"
0.201000000,0.109415968383,0,"(a0,a0,a1)"
0.202000000,0.109141088451,0,"(a0,a0,a1)"
0.203000000,0.108865423413,0,"(a0,a0,a1)"
0.204000000,0.108588973645,0,"(a0,a0,a1)"
0.205000000,0.108311739519,0,"(a0,a0,a1)"
0.206000000,0.108033721404,0,"(a0,a0,a1)"
0.207000000,0.107754919670,0,"(a0,a0,a1)"
0.208000000,0.107475334681,0,"(a0,a0,a1)"
0.209000000,0.107194966803,0,"(a0,a0,a1)"
0.210000000,0.106913816396,0,"(a0,a0,a1)"
0.211000000,0.106631883821,0,"(a0,a0,a1)"
0.212000000,0.106349169435,0,"(a0,a0,a1)"
0.213000000,0.106065673594,0,"(a0,a0,a1)"
0.214000000,0.105781396652,0,"(a0,a0,a1)"
0.215000000,0.105496338960,0,"(a0,a0,a1)"
0.216000000,0.105210500867,0,"(a0,a0,a1)"
0.217000000,0.104923882721,0,"(a0,a0,a1)"
0.218000000,0.104636484867,0,"(a0,a0,a1)"
0.219000000,0.104348307649,0,"(a0,a0,a1)"
0.220000000,0.104059351407,0,"(a0,a0,a1)"
0.221000000,0.103769616482,0,"(a0,a0,a1)"
0.222000000,0.103479103210,0,"(a0,a0,a1)"
0.223000000,0.103187811927,0,"(a0,a0,a1)"
0.224000000,0.102895742965,0,"(a0,a0,a1)"
0.225000000,0.102602896656,0,"(a0,a0,a1)"
0.226000000,0.102309273329,0,"(a0,a0,a1)"
0.227000000,0.102014873311,0,"(a0,a0,a1)"
0.228000000,0.101719696928,0,"(a0,a0,a1)"
0.229000000,0.101423744501,0,"(a0,a0,a1)"
0.230000000,0.101127016353,0,"(a0,a0,a1)"
0.231000000,0.100829512803,0,"(a0,a0,a1)"
0.232000000,0.100531234167,0,"(a0,a0,a1)"
0.233000000,0.100232180761,0,"(a0,a0,a1)"
0.234000000,0.099932352899,0,"(a0,a0,a1)"
0.235000000,0.099631750890,0,"(a0,a0,a1)"
0.236000000,0.099330375044,0,"(a0,a0,a1)"
0.237000000,0.099028225670,0,"(a0,a0,a1)"
0.238000000,0.098725303071,0,"(a0,a0,a1)"
0.239000000,0.098421607551,0,"(a0,a0,a1)"
0.240000000,0.098117139412,0,"(a0,a0,a1)"
0.241000000,0.097811898953,0,"(a0,a0,a1)"
0.242000000,0.097505886470,0,"(a0,a0,a1)"
0.243000000,0.097199102261,0,"(a0,a0,a1)"
0.244000000,0.096891546618,0,"(a0,a0,a1)"
0.245000000,0.096583219833,0,"(a0,a0,a1)"
0.246000000,0.096274122196,0,"(a0,a0,a1)"
0.247000000,0.095964253993,0,"(a0,a0,a1)"
0.248000000,0.095653615512,0,"(a0,a0,a1)"
0.249000000,0.095342207036,0,"(a0,a0,a1)"
0.250000000,0.095030028846,0,"(a0,a0,a1)"
0.251000000,0.094717081223,0,"(a0,a0,a1)"
0.252000000,0.094403364446,0,"(a0,a0,a1)"
0.253000000,0.094088878789,0,"(a0,a0,a1)"
0.254000000,0.093773624527,0,"(a0,a0,a1)"
0.255000000,0.093457601934,0,"(a0,a0,a1)"
0.256000000,0.093140811278,0,"(a0,a0,a1)"
0.257000000,0.092823252829,0,"(a0,a0,a1)"
0.258000000,0.092504926854,0,"(a0,a0,a1)"
0.259000000,0.092185833616,0,"(a0,a0,a1)"
0.260000000,0.091865973380,0,"(a0,a0,a1)"
0.261000000,0.091545346405,0,"(a0,a0,a1)"
0.262000000,0.091223952952,0,"(a0,a0,a1)"
0.263000000,0.090901793276,0,"(a0,a0,a1)"
0.264000000,0.090578867635,0,"(a0,a0,a1)"
0.265000000,0.090255176280,0,"(a0,a0,a1)"
0.266000000,0.089930719465,0,"(a0,a0,a1)"
0.267000000,0.089605497437,0,"(a0,a0,a1)"
0.268000000,0.089279510446,0,"(a0,a0,a1)"
0.269000000,0.088952758738,0,"(a0,a0,a1)"
0.270000000,0.088625242555,0,"(a0,a0,a1)"
0.271000000,0.088296962142,0,"(a0,a0,a1)"
0.272000000,0.087967917737,0,"(a0,a0,a1)"
0.273000000,0.087638109581,0,"(a0,a0,a1)"
0.274000000,0.087307537909,0,"(a0,a0,a1)"
0.275000000,0.086976202956,0,"(a0,a0,a1)"
0.276000000,0.086644104956,0,"(a0,a0,a1)"
0.277000000,0.086311244140,0,"(a0,a0,a1)"
0.278000000,0.085977620737,0,"(a0,a0,a1)"
0.279000000,0.085643234974,0,"(a0,a0,a1)"
0.280000000,0.085308087079,0,"(a0,a0,a1)"
0.281000000,0.084972177273,0,"(a0,a0,a1)"
0.282000000,0.084635505781,0,"(a0,a0,a1)"
0.283000000,0.084298072821,0,"(a0,a0,a1)"
0.284000000,0.083959878612,0,"(a0,a0,a1)"
0.285000000,0.083620923372,0,"(a0,a0,a1)"
0.286000000,0.083281207314,0,"(a0,a0,a1)"
0.287000000,0.082940730652,0,"(a0,a0,a1)"
0.288000000,0.082599493598,0,"(a0,a0,a1)"
0.289000000,0.082257496360,0,"(a0,a0,a1)"
0.290000000,0.081914739147,0,"(a0,a0,a1)"
0.291000000,0.081571222163,0,"(a0,a0,a1)"
0.292000000,0.081226945614,0,"(a0,a0,a1)"
0.293000000,0.080881909702,0,"(a0,a0,a1)"
0.294000000,0.080536114627,0,"(a0,a0,a1)"
0.295000000,0.080189560588,0,"(a0,a0,a1)"
0.296000000,0.079842247781,0,"(a0,a0,a1)"
0.297000000,0.079494176403,0,"(a0,a0,a1)"
0.298000000,0.079145346646,0,"(a0,a0,a1)"
0.299000000,0.078795758702,0,"(a0,a0,a1)"
0.300000000,0.078445412760,0,"(a0,a0,a1)"
0.301000000,0.078094309010,0,"(a0,a0,a1)"
0.302000000,0.077742447638,0,"(a0,a0,a1)"
0.303000000,0.077389828827,0,"(a0,a0,a1)"
0.304000000,0.077036452761,0,"(a0,a0,a1)"
0.305000000,0.076682319621,0,"(a0,a0,a1)"
0.306000000,0.076327429586,0,"(a0,a0,a1)"
0.307000000,0.075971782834,0,"(a0,a0,a1)"
0.308000000,0.075615379541,0,"(a0,a0,a1)"
0.309000000,0.075258219881,0,"(a0,a0,a1)"
0.310000000,0.074900304025,0,"(a0,a0,a1)"
0.311000000,0.074541632146,0,"(a0,a0,a1)"
0.312000000,0.074182204411,0,"(a0,a0,a1)"
0.313000000,0.073822020988,0,"(a0,a0,a1)"
0.314000000,0.073461082042,0,"(a0,a0,a1)"
0.315000000,0.073099387737,0,"(a0,a0,a1)"
0.316000000,0.072736938235,0,"(a0,a0,a1)"
0.317000000,0.072373733697,0,"(a0,a0,a1)"
0.318000000,0.072009774280,0,"(a0,a0,a1)"
0.319000000,0.071645060141,0,"(a0,a0,a1)"
0.320000000,0.071279591437,0,"(a0,a0,a1)"
0.321000000,0.070913368319,0,"(a0,a0,a1)"
0.322000000,0.070546390941,0,"(a0,a0,a1)"
0.323000000,0.070178659451,0,"(a0,a0,a1)"
0.324000000,0.069810173998,0,"(a0,a0,a1)"
0.325000000,0.069440934729,0,"(a0,a0,a1)"
0.326000000,0.069070941789,0,"(a0,a0,a1)"
0.327000000,0.068700195320,0,"(a0,a0,a1)"
0.328000000,0.068328695465,0,"(a0,a0,a1)"
0.329000000,0.067956442363,0,"(a0,a0,a1)"
0.330000000,0.067583436152,0,"(a0,a0,a1)"
0.331000000,0.067209676969,0,"(a0,a0,a1)"
0.332000000,0.066835164948,0,"(a0,a0,a1)"
0.333000000,0.066459900223,0,"(a0,a0,a1)"
0.334000000,0.066083882925,0,"(a0,a0,a1)"
0.335000000,0.065707113184,0,"(a0,a0,a1)"
0.336000000,0.065329591127,0,"(a0,a0,a1)"
0.337000000,0.064951316882,0,"(a0,a0,a1)"
0.338000000,0.064572290572,0,"(a0,a0,a1)"
0.339000000,0.064192512321,0,"(a0,a0,a1)"
0.340000000,0.063811982251,0,"(a0,a0,a1)"
0.341000000,0.063430700481,0,"(a0,a0,a1)"
0.342000000,0.063048667128,0,"(a0,a0,a1)"
0.343000000,0.062665882310,0,"(a0,a0,a1)"
0.344000000,0.062282346142,0,"(a0,a0,a1)"
0.345000000,0.061898058735,0,"(a0,a0,a1)"
0.346000000,0.061513020203,0,"(a0,a0,a1)"
0.347000000,0.061127230654,0,"(a0,a0,a1)"
0.348000000,0.060740690197,0,"(a0,a0,a1)"
0.349000000,0.060353398938,0,"(a0,a0,a1)"
0.350000000,0.059965356982,0,"(a0,a0,a1)"
0.351000000,0.059576564433,0,"(a0,a0,a1)"
0.352000000,0.059187021391,0,"(a0,a0,a1)"
0.353000000,0.058796727958,0,"(a0,a0,a1)"
0.354000000,0.058405684230,0,"(a0,a0,a1)"
0.355000000,0.058013890306,0,"(a0,a0,a1)"
0.356000000,0.057621346279,0,"(a0,a0,a1)"
0.357000000,0.057228052245,0,"(a0,a0,a1)"
0.358000000,0.056834008293,0,"(a0,a0,a1)"
0.359000000,0.056439214515,0,"(a0,a0,a1)"
0.360000000,0.056043670999,0,"(a0,a0,a1)"
0.361000000,0.055647377831,0,"(a0,a0,a1)"
0.362000000,0.055250335099,0,"(a0,a0,a1)"
0.363000000,0.054852542884,0,"(a0,a0,a1)"
0.364000000,0.054454001269,0,"(a0,a0,a1)"
0.365000000,0.054054710336,0,"(a0,a0,a1)"
0.366000000,0.053654670161,0,"(a0,a0,a1)"
0.367000000,0.053253880824,0,"(a0,a0,a1)"
0.368000000,0.052852342399,0,"(a0,a0,a1)"
0.369000000,0.052450054961,0,"(a0,a0,a1)"
0.370000000,0.052047018582,0,"(a0,a0,a1)"
0.371000000,0.051643233333,0,"(a0,a0,a1)"
0.372000000,0.051238699284,0,"(a0,a0,a1)"
0.373000000,0.050833416501,0,"(a0,a0,a1)"
0.374000000,0.050427385052,0,"(a0,a0,a1)"
0.375000000,0.050020605000,0,"(a0,a0,a1)"
0.376000000,0.049613076409,0,"(a0,a0,a1)"
0.377000000,0.049204799340,0,"(a0,a0,a1)"
0.378000000,0.048795773852,0,"(a0,a0,a1)"
0.379000000,0.048386000005,0,"(a0,a0,a1)"
0.380000000,0.047975477854,0,"(a0,a0,a1)"
0.381000000,0.047564207454,0,"(a0,a0,a1)"
0.382000000,0.047152188860,0,"(a0,a0,a1)"
0.383000000,0.046739422122,0,"(a0,a0,a1)"
0.384000000,0.046325907292,0,"(a0,a0,a1)"
0.385000000,0.045911644417,0,"(a0,a0,a1)"
0.386000000,0.045496633545,0,"(a0,a0,a1)"
0.387000000,0.045080874722,0,"(a0,a0,a1)"
0.388000000,0.044664367992,0,"(a0,a0,a1)"
0.389000000,0.044247113397,0,"(a0,a0,a1)"
0.390000000,0.043829110977,0,"(a0,a0,a1)"
0.391000000,0.043410360773,0,"(a0,a0,a1)"
0.392000000,0.042990862822,0,"(a0,a0,a1)"
0.393000000,0.042570617160,0,"(a0,a0,a1)"
0.394000000,0.042149623823,0,"(a0,a0,a1)"
0.395000000,0.041727882842,0,"(a0,a0,a1)"
0.396000000,0.041305394250,0,"(a0,a0,a1)"
0.397000000,0.040882158077,0,"(a0,a0,a1)"
0.398000000,0.040458174351,0,"(a0,a0,a1)"
0.399000000,0.040033443099,0,"(a0,a0,a1)"
0.400000000,0.039607964346,0,"(a0,a0,a1)"
0.401000000,0.039181738117,0,"(a0,a0,a1)"
0.402000000,0.038754764433,0,"(a0,a0,a1)"
0.403000000,0.038327043316,0,"(a0,a0,a1)"
0.404000000,0.037898574783,0,"(a0,a0,a1)"
0.405000000,0.037469358854,0,"(a0,a0,a1)"
0.406000000,0.037039395545,0,"(a0,a0,a1)"
0.407000000,0.036608684869,0,"(a0,a0,a1)"
0.408000000,0.036177226840,0,"(a0,a0,a1)"
0.409000000,0.035745021470,0,"(a0,a0,a1)"
0.410000000,0.035312068768,0,"(a0,a0,a1)"
0.411000000,0.034878368743,0,"(a0,a0,a1)"
0.412000000,0.034443921402,0,"(a0,a0,a1)"
0.413000000,0.034008726751,0,"(a0,a0,a1)"
0.414000000,0.032993319312,0,"(a1,a0,a0)"
0.415000000,0.031894390335,0,"(a1,a0,a0)"
0.416000000,0.030796826320,0,"(a1,a0,a0)"
0.417000000,0.029700625343,0,"(a1,a0,a0)"
0.418000000,0.028605785485,0,"(a1,a0,a0)"
0.419000000,0.027512304828,0,"(a1,a0,a0)"
0.420000000,0.026420181463,0,"(a1,a0,a0)"
0.421000000,0.025329413482,0,"(a1,a0,a0)"
0.422000000,0.024239998981,0,"(a1,a0,a0)"
0.423000000,0.023151936063,0,"(a1,a0,a0)"
0.424000000,0.022065222833,0,"(a1,a0,a0)"
0.425000000,0.020979857400,0,"(a1,a0,a0)"
0.426000000,0.019895837879,0,"(a1,a0,a0)"
0.427000000,0.018813162389,0,"(a1,a0,a0)"
0.428000000,0.017731829050,0,"(a1,a0,a0)"
0.429000000,0.016651835990,0,"(a1,a0,a0)"
0.430000000,0.015573181340,0,"(a1,a0,a0)"
0.431000000,0.014495863234,0,"(a1,a0,a0)"
0.432000000,0.013419879811,0,"(a1,a0,a0)"
0.433000000,0.012345229215,0,"(a1,a0,a0)"
0.434000000,0.011271909593,0,"(a1,a0,a0)"
0.435000000,0.010199919095,0,"(a1,a0,a0)"
0.436000000,0.009129255879,0,"(a1,a0,a0)"
0.437000000,0.008059918102,0,"(a1,a0,a0)"
0.438000000,0.006991903929,0,"(a1,a0,a0)"
0.439000000,0.005925211528,0,"(a1,a0,a0)"
0.440000000,0.004859839069,0,"(a1,a0,a0)"
0.441000000,0.003795784730,0,"(a1,a0,a0)"
0.442000000,0.002733046689,0,"(a1,a0,a0)"
0.443000000,0.001671623131,0,"(a1,a0,a0)"
0.444000000,0.000611512244,0,"(a1,a0,a0)"
0.445000000,-0.000447287781,0,"(a1,a0,a0)"
0.446000000,-0.001504778748,0,"(a1,a0,a0)"
0.447000000,-0.002560962456,0,"(a1,a0,a0)"
0.448000000,-0.003615840702,0,"(a1,a0,a0)"
0.449000000,-0.004669415278,0,"(a1,a0,a0)"
0.450000000,-0.005721687973,0,"(a1,a0,a0)"
0.451000000,-0.006772660570,0,"(a1,a0,a0)"
0.452000000,-0.007822334849,0,"(a1,a0,a0)"
0.453000000,-0.008870712588,0,"(a1,a0,a0)"
0.454000000,-0.009917795558,0,"(a1,a0,a0)"
0.455000000,-0.010963585529,0,"(a1,a0,a0)"
0.456000000,-0.012008084264,0,"(a1,a0,a0)"
0.457000000,-0.013051293525,0,"(a1,a0,a0)"
0.458000000,-0.014093215068,0,"(a1,a0,a0)"
0.459000000,-0.015133850646,0,"(a1,a0,a0)"
0.460000000,-0.016173202009,0,"(a1,a0,a0)"
0.461000000,-0.017211270901,0,"(a1,a0,a0)"
0.462000000,-0.018248059065,0,"(a1,a0,a0)"
0.463000000,-0.019283568237,0,"(a1,a0,a0)"
0.464000000,-0.020317800152,0,"(a1,a0,a0)"
0.465000000,-0.021350756539,0,"(a1,a0,a0)"
0.466000000,-0.022382439124,0,"(a1,a0,a0)"
0.467000000,-0.023412849630,0,"(a1,a0,a0)"
0.468000000,-0.024441989776,0,"(a1,a0,a0)"
0.469000000,-0.025469861275,0,"(a1,a0,a0)"
0.470000000,-0.026496465840,0,"(a1,a0,a0)"
0.471000000,-0.027521805176,0,"(a1,a0,a0)"
0.472000000,-0.028545880989,0,"(a1,a0,a0)"
0.473000000,-0.029568694976,0,"(a1,a0,a0)"
0.474000000,-0.030590248835,0,"(a1,a0,a0)"
0.475000000,-0.031610544258,0,"(a1,a0,a0)"
0.476000000,-0.032629582933,0,"(a1,a0,a0)"
0.477000000,-0.033647366544,0,"(a1,a0,a0)"
0.478000000,-0.034663896774,0,"(a1,a0,a0)"
0.479000000,-0.035679175299,0,"(a1,a0,a0)"
0.480000000,-0.036693203793,0,"(a1,a0,a0)"
0.481000000,-0.037705983926,0,"(a1,a0,a0)"
0.482000000,-0.038717517365,0,"(a1,a0,a0)"
0.483000000,-0.039727805772,0,"(a1,a0,a0)"
0.484000000,-0.040736850807,0,"(a1,a0,a0)"
0.485000000,-0.041744654125,0,"(a1,a0,a0)"
0.486000000,-0.042751217377,0,"(a1,a0,a0)"
0.487000000,-0.043756542212,0,"(a1,a0,a0)"
0.488000000,-0.044760630275,0,"(a1,a0,a0)"
0.489000000,-0.045763483206,0,"(a1,a0,a0)"
0.490000000,-0.046765102643,0,"(a1,a0,a0)"
0.491000000,-0.047765490219,0,"(a1,a0,a0)"
0.492000000,-0.048764647565,0,"(a1,a0,a0)"
0.493000000,-0.049762576308,0,"(a1,a0,a0)"
0.494000000,-0.050759278070,0,"(a1,a0,a0)"
0.495000000,-0.051754754472,0,"(a1,a0,a0)"
0.496000000,-0.052749007128,0,"(a1,a0,a0)"
0.497000000,-0.053742037652,0,"(a1,a0,a0)"
0.498000000,-0.054733847652,0,"(a1,a0,a0)"
0.499000000,-0.055724438734,0,"(a1,a0,a0)"
0.500000000,-0.056713812500,0,"(a1,a0,a0)"
0.501000000,-0.057701970548,0,"(a1,a0,a0)"
0.502000000,-0.058688914472,0,"(a1,a0,a0)"
0.503000000,-0.059674645865,0,"(a1,a0,a0)"
0.504000000,-0.060659166315,0,"(a1,a0,a0)"
0.505000000,-0.061642477404,0,"(a1,a0,a0)"
0.506000000,-0.062624580716,0,"(a1,a0,a0)"
0.507000000,-0.063605477827,0,"(a1,a0,a0)"
0.508000000,-0.064585170310,0,"(a1,a0,a0)"
0.509000000,-0.065563659738,0,"(a1,a0,a0)"
0.510000000,-0.066540947677,0,"(a1,a0,a0)"
0.511000000,-0.067517035691,0,"(a1,a0,a0)"
0.512000000,-0.068491925340,0,"(a1,a0,a0)"
0.513000000,-0.069465618181,0,"(a1,a0,a0)"
0.514000000,-0.070438115767,0,"(a1,a0,a0)"
0.515000000,-0.071409419650,0,"(a1,a0,a0)"
0.516000000,-0.072379531376,0,"(a1,a0,a0)"
0.517000000,-0.073348452487,0,"(a1,a0,a0)"
0.518000000,-0.074316184525,0,"(a1,a0,a0)"
0.519000000,-0.075282729026,0,"(a1,a0,a0)"
0.520000000,-0.076248087522,0,"(a1,a0,a0)"
0.521000000,-0.077212261545,0,"(a1,a0,a0)"
0.522000000,-0.078175252621,0,"(a1,a0,a0)"
0.523000000,-0.079137062273,0,"(a1,a0,a0)"
0.524000000,-0.080097692021,0,"(a1,a0,a0)"
0.525000000,-0.081057143382,0,"(a1,a0,a0)"
0.526000000,-0.082015417870,0,"(a1,a0,a0)"
0.527000000,-0.082972516993,0,"(a1,a0,a0)"
0.528000000,-0.083928442260,0,"(a1,a0,a0)"
0.529000000,-0.084883195173,0,"(a1,a0,a0)"
0.530000000,-0.085836777234,0,"(a1,a0,a0)"
0.531000000,-0.086789189938,0,"(a1,a0,a0)"
0.532000000,-0.087740434779,0,"(a1,a0,a0)"
0.533000000,-0.088690513249,0,"(a1,a0,a0)"
0.534000000,-0.089639426834,0,"(a1,a0,a0)"
0.535000000,-0.090587177018,0,"(a1,a0,a0)"
0.536000000,-0.091533765283,0,"(a1,a0,a0)"
0.537000000,-0.092479193104,0,"(a1,a0,a0)"
0.538000000,-0.093423461958,0,"(a1,a0,a0)"
0.539000000,-0.094366573314,0,"(a1,a0,a0)"
0.540000000,-0.095308528642,0,"(a1,a0,a0)"
0.541000000,-0.096249329405,0,"(a1,a0,a0)"
0.542000000,-0.097188977064,0,"(a1,a0,a0)"
0.543000000,-0.098127473080,0,"(a1,a0,a0)"
0.544000000,-0.099064818906,0,"(a1,a0,a0)"
0.545000000,-0.100001015994,0,"(a1,a0,a0)"
0.546000000,-0.100936065794,0,"(a1,a0,a0)"
0.547000000,-0.101869969751,0,"(a1,a0,a0)"
0.548000000,-0.102802729308,0,"(a1,a0,a0)"
0.549000000,-0.103734345903,0,"(a1,a0,a0)"
0.550000000,-0.104664820975,0,"(a1,a0,a0)"
0.551000000,-0.105594155954,0,"(a1,a0,a0)"
0.552000000,-0.106522352273,0,"(a1,a0,a0)"
0.553000000,-0.107449411357,0,"(a1,a0,a0)"
0.554000000,-0.108375334630,0,"(a1,a0,a0)"
0.555000000,-0.109300123514,0,"(a1,a0,a0)"
0.556000000,-0.110223779425,0,"(a1,a0,a0)"
0.557000000,-0.111146303779,0,"(a1,a0,a0)"
0.558000000,-0.112067697987,0,"(a1,a0,a0)"
0.559000000,-0.112987963457,0,"(a1,a0,a0)"
0.560000000,-0.113907101595,0,"(a1,a0,a0)"
0.561000000,-0.114825113803,0,"(a1,a0,a0)"
0.562000000,-0.115742001481,0,"(a1,a0,a0)"
0.563000000,-0.116657766024,0,"(a1,a0,a0)"
0.564000000,-0.117572408826,0,"(a1,a0,a0)"
0.565000000,-0.118485931278,0,"(a1,a0,a0)"
0.566000000,-0.119398334765,0,"(a1,a0,a0)"
0.567000000,-0.120309620673,0,"(a1,a0,a0)"
0.568000000,-0.121219790383,0,"(a1,a0,a0)"
0.569000000,-0.122128845273,0,"(a1,a0,a0)"
0.570000000,-0.123036786717,0,"(a1,a0,a0)"
0.571000000,-0.123943616089,0,"(a1,a0,a0)"
0.572000000,-0.124849334757,0,"(a1,a0,a0)"
0.573000000,-0.125753944088,0,"(a1,a0,a0)"
0.574000000,-0.126657445445,0,"(a1,a0,a0)"
0.575000000,-0.127559840188,0,"(a1,a0,a0)"
0.576000000,-0.128461129674,0,"(a1,a0,a0)"
0.577000000,-0.129361315259,0,"(a1,a0,a0)"
0.578000000,-0.130260398293,0,"(a1,a0,a0)"
0.579000000,-0.131158380126,0,"(a1,a0,a0)"
0.580000000,-0.132055262102,0,"(a1,a0,a0)"
0.581000000,-0.132951045564,0,"(a1,a0,a0)"
0.582000000,-0.133845731853,0,"(a1,a0,a0)"
0.583000000,-0.134739322305,0,"(a1,a0,a0)"
0.584000000,-0.135631818254,0,"(a1,a0,a0)"
0.585000000,-0.136523221031,0,"(a1,a0,a0)"
0.586000000,-0.137413531965,0,"(a1,a0,a0)"
0.587000000,-0.138302752380,0,"(a1,a0,a0)"
0.588000000,-0.139190883600,0,"(a1,a0,a0)"
0.589000000,-0.140077926944,0,"(a1,a0,a0)"
0.590000000,-0.140963883728,0,"(a1,a0,a0)"
0.591000000,-0.141848755266,0,"(a1,a0,a0)"
0.592000000,-0.142732542870,0,"(a1,a0,a0)"
0.593000000,-0.143615247848,0,"(a1,a0,a0)"
0.594000000,-0.144496871505,0,"(a1,a0,a0)"
0.595000000,-0.145377415143,0,"(a1,a0,a0)"
0.596000000,-0.146256880063,0,"(a1,a0,a0)"
0.597000000,-0.147135267560,0,"(a1,a0,a0)"
0.598000000,-0.148012578930,0,"(a1,a0,a0)"
0.599000000,-0.148888815463,0,"(a1,a0,a0)"
0.600000000,-0.149763978448,0,"(a1,a0,a0)"
0.601000000,-0.150638069171,0,"(a1,a0,a0)"
0.602000000,-0.151511088914,0,"(a1,a0,a0)"
0.603000000,-0.152383038957,0,"(a1,a0,a0)"
0.604000000,-0.153253920578,0,"(a1,a0,a0)"
0.605000000,-0.154123735052,0,"(a1,a0,a0)"
0.606000000,-0.154992483650,0,"(a1,a0,a0)"
0.607000000,-0.155860167641,0,"(a1,a0,a0)"
0.608000000,-0.156726788291,0,"(a1,a0,a0)"
0.609000000,-0.157592346865,0,"(a1,a0,a0)"
0.610000000,-0.158456844622,0,"(a1,a0,a0)"
0.611000000,-0.159320282821,0,"(a1,a0,a0)"
0.612000000,-0.160182662717,0,"(a1,a0,a0)"
0.613000000,-0.161043985563,0,"(a1,a0,a0)"
0.614000000,-0.161904252608,0,"(a1,a0,a0)"
0.615000000,-0.162763465101,0,"(a1,a0,a0)"
0.616000000,-0.163621624284,0,"(a1,a0,a0)"
0.617000000,-0.164478731401,0,"(a1,a0,a0)"
0.618000000,-0.165334787690,0,"(a1,a0,a0)"
0.619000000,-0.166189794387,0,"(a1,a0,a0)"
0.620000000,-0.167043752727,0,"(a1,a0,a0)"
0.621000000,-0.167896663940,0,"(a1,a0,a0)"
0.622000000,-0.168748529255,0,"(a1,a0,a0)"
0.623000000,-0.169599349897,0,"(a1,a0,a0)"
0.624000000,-0.170449127089,0,"(a1,a0,a0)"
0.625000000,-0.171297862052,0,"(a1,a0,a0)"
0.626000000,-0.172145556004,0,"(a1,a0,a0)"
0.627000000,-0.172992210160,0,"(a1,a0,a0)"
0.628000000,-0.173837825731,0,"(a1,a0,a0)"
0.629000000,-0.174682403929,0,"(a1,a0,a0)"
0.630000000,-0.175525945959,0,"(a1,a0,a0)"
0.631000000,-0.176368453028,0,"(a1,a0,a0)"
0.632000000,-0.177209926336,0,"(a1,a0,a0)"
0.633000000,-0.178050367083,0,"(a1,a0,a0)"
0.634000000,-0.178889776466,0,"(a1,a0,a0)"
0.635000000,-0.179728155679,0,"(a1,a0,a0)"
0.636000000,-0.180565505913,0,"(a1,a0,a0)"
0.637000000,-0.181401828358,0,"(a1,a0,a0)"
0.638000000,-0.182237124200,0,"(a1,a0,a0)"
0.639000000,-0.183071394623,0,"(a1,a0,a0)"
0.640000000,-0.183904640808,0,"(a1,a0,a0)"
0.641000000,-0.184736863933,0,"(a1,a0,a0)"
0.642000000,-0.185568065176,0,"(a1,a0,a0)"
0.643000000,-0.186398245708,0,"(a1,a0,a0)"
0.644000000,-0.187227406703,0,"(a1,a0,a0)"
0.645000000,-0.188055549327,0,"(a1,a0,a0)"
0.646000000,-0.188882674747,0,"(a1,a0,a0)"
0.647000000,-0.189708784126,0,"(a1,a0,a0)"
0.648000000,-0.190533878626,0,"(a1,a0,a0)"
0.649000000,-0.191357959404,0,"(a1,a0,a0)"
0.650000000,-0.192181027616,0,"(a1,a0,a0)"
0.651000000,-0.193003084416,0,"(a1,a0,a0)"
0.652000000,-0.193824130955,0,"(a1,a0,a0)"
0.653000000,-0.194644168381,0,"(a1,a0,a0)"
0.654000000,-0.195463197839,0,"(a1,a0,a0)"
0.655000000,-0.196281220473,0,"(a1,a0,a0)"
0.656000000,-0.197098237424,0,"(a1,a0,a0)"
0.657000000,-0.197914249830,0,"(a1,a0,a0)"
0.658000000,-0.198729258828,0,"(a1,a0,a0)"
0.659000000,-0.199543265549,0,"(a1,a0,a0)"
0.660000000,-0.200356271127,0,"(a1,a0,a0)"
0.661000000,-0.201168276688,0,"(a1,a0,a0)"
0.662000000,-0.201979283359,0,"(a1,a0,a0)"
0.663000000,-0.202789292264,0,"(a1,a0,a0)"
0.664000000,-0.203598304524,0,"(a1,a0,a0)"
0.665000000,-0.204406321257,0,"(a1,a0,a0)"
0.666000000,-0.205213343579,0,"(a1,a0,a0)"
0.667000000,-0.206019372606,0,"(a1,a0,a0)"
0.668000000,-0.206824409447,0,"(a1,a0,a0)"
0.669000000,-0.207628455211,0,"(a1,a0,a0)"
0.670000000,-0.208431511007,0,"(a1,a0,a0)"
0.671000000,-0.209233577937,0,"(a1,a0,a0)"
0.672000000,-0.210034657103,0,"(a1,a0,a0)"
0.673000000,-0.210834749605,0,"(a1,a0,a0)"
0.674000000,-0.211633856540,0,"(a1,a0,a0)"
0.675000000,-0.212431979001,0,"(a1,a0,a0)"
0.676000000,-0.213229118083,0,"(a1,a0,a0)"
0.677000000,-0.214025274873,0,"(a1,a0,a0)"
0.678000000,-0.214820450460,0,"(a1,a0,a0)"
0.679000000,-0.215614645928,0,"(a1,a0,a0)"
0.680000000,-0.216407862361,0,"(a1,a0,a0)"
0.681000000,-0.217200100838,0,"(a1,a0,a0)"
0.682000000,-0.217991362438,0,"(a1,a0,a0)"
0.683000000,-0.218781648236,0,"(a1,a0,a0)"
0.684000000,-0.219570959305,0,"(a1,a0,a0)"
0.685000000,-0.220359296717,0,"(a1,a0,a0)"
0.686000000,-0.221146661539,0,"(a1,a0,a0)"
0.687000000,-0.221933054839,0,"(a1,a0,a0)"
0.688000000,-0.222718477679,0,"(a1,a0,a0)"
0.689000000,-0.223502931122,0,"(a1,a0,a0)"
0.690000000,-0.224286416227,0,"(a1,a0,a0)"
0.691000000,-0.225068934050,0,"(a1,a0,a0)"
0.692000000,-0.225850485647,0,"(a1,a0,a0)"
0.693000000,-0.226631072070,0,"(a1,a0,a0)"
0.694000000,-0.227410694368,0,"(a1,a0,a0)"
0.695000000,-0.228189353589,0,"(a1,a0,a0)"
0.696000000,-0.228967050779,0,"(a1,a0,a0)"
0.697000000,-0.229743786982,0,"(a1,a0,a0)"
0.698000000,-0.230519563237,0,"(a1,a0,a0)"
0.699000000,-0.231294380583,0,"(a1,a0,a0)"
0.700000000,-0.232068240057,0,"(a1,a0,a0)"
0.701000000,-0.232841142692,0,"(a1,a0,a0)"
0.702000000,-0.233613089522,0,"(a1,a0,a0)"
0.703000000,-0.234384081574,0,"(a1,a0,a0)"
0.704000000,-0.235154119876,0,"(a1,a0,a0)"
0.705000000,-0.235923205453,0,"(a1,a0,a0)"
0.706000000,-0.236691339328,0,"(a1,a0,a0)"
0.707000000,-0.237458522522,0,"(a1,a0,a0)"
0.708000000,-0.238224756052,0,"(a1,a0,a0)"
0.709000000,-0.238990040935,0,"(a1,a0,a0)"
0.710000000,-0.239754378184,0,"(a1,a0,a0)"
0.711000000,-0.240517768811,0,"(a1,a0,a0)"
0.712000000,-0.241280213826,0,"(a1,a0,a0)"
0.713000000,-0.242041714234,0,"(a1,a0,a0)"
0.714000000,-0.242802271043,0,"(a1,a0,a0)"
0.715000000,-0.243561885253,0,"(a1,a0,a0)"
0.716000000,-0.244320557866,0,"(a1,a0,a0)"
0.717000000,-0.245078289879,0,"(a1,a0,a0)"
0.718000000,-0.245835082290,0,"(a1,a0,a0)"
0.719000000,-0.246590936091,0,"(a1,a0,a0)"
0.720000000,-0.247345852275,0,"(a1,a0,a0)"
0.721000000,-0.248099831831,0,"(a1,a0,a0)"
0.722000000,-0.248852875746,0,"(a1,a0,a0)"
0.723000000,-0.249604985006,0,"(a1,a0,a0)"
0.724000000,-0.250356160593,0,"(a1,a0,a0)"
0.725000000,-0.251106403488,0,"(a1,a0,a0)"
0.726000000,-0.251855714671,0,"(a1,a0,a0)"
0.727000000,-0.252604095117,0,"(a1,a0,a0)"
0.728000000,-0.253351545801,0,"(a1,a0,a0)"
0.729000000,-0.254098067696,0,"(a1,a0,a0)"
0.730000000,-0.254843661770,0,"(a1,a0,a0)"
0.731000000,-0.255588328992,0,"(a1,a0,a0)"
0.732000000,-0.256332070329,0,"(a1,a0,a0)"
0.733000000,-0.257074886742,0,"(a1,a0,a0)"
0.734000000,-0.257816779195,0,"(a1,a0,a0)"
0.735000000,-0.258557748646,0,"(a1,a0,a0)"
0.736000000,-0.259297796053,0,"(a1,a0,a0)"
0.737000000,-0.260036922370,0,"(a1,a0,a0)"
0.738000000,-0.260775128552,0,"(a1,a0,a0)"
0.739000000,-0.261512415548,0,"(a1,a0,a0)"
0.740000000,-0.262248784307,0,"(a1,a0,a0)"
0.741000000,-0.262984235777,0,"(a1,a0,a0)"
0.742000000,-0.263718770901,0,"(a1,a0,a0)"
0.743000000,-0.264452390623,0,"(a1,a0,a0)"
0.744000000,-0.265185095883,0,"(a1,a0,a0)"
0.745000000,-0.265916887619,0,"(a1,a0,a0)"
0.746000000,-0.266647766767,0,"(a1,a0,a0)"
0.747000000,-0.267377734262,0,"(a1,a0,a0)"
0.748000000,-0.268106791036,0,"(a1,a0,a0)"
0.749000000,-0.268834938018,0,"(a1,a0,a0)"
0.750000000,-0.269562176136,0,"(a1,a0,a0)"
0.751000000,-0.270288506318,0,"(a1,a0,a0)"
0.752000000,-0.271013929485,0,"(a1,a0,a0)"
0.753000000,-0.271738446561,0,"(a1,a0,a0)"
0.754000000,-0.272462058465,0,"(a1,a0,a0)"
0.755000000,-0.273184766114,0,"(a1,a0,a0)"
0.756000000,-0.273906570424,0,"(a1,a0,a0)"
0.757000000,-0.274627472310,0,"(a1,a0,a0)"
0.758000000,-0.275347472681,0,"(a1,a0,a0)"
0.759000000,-0.276066572449,0,"(a1,a0,a0)"
0.760000000,-0.276784772520,0,"(a1,a0,a0)"
0.761000000,-0.277502073799,0,"(a1,a0,a0)"
0.762000000,-0.278218477191,0,"(a1,a0,a0)"
0.763000000,-0.278933983597,0,"(a1,a0,a0)"
0.764000000,-0.279648593916,0,"(a1,a0,a0)"
0.765000000,-0.280362309045,0,"(a1,a0,a0)"
0.766000000,-0.281075129880,0,"(a1,a0,a0)"
0.767000000,-0.281787057315,0,"(a1,a0,a0)"
0.768000000,-0.282498092240,0,"(a1,a0,a0)"
0.769000000,-0.283208235546,0,"(a1,a0,a0)"
0.770000000,-0.283917488118,0,"(a1,a0,a0)"
0.771000000,-0.284625850844,0,"(a1,a0,a0)"
0.772000000,-0.285333324606,0,"(a1,a0,a0)"
0.773000000,-0.286039910286,0,"(a1,a0,a0)"
0.774000000,-0.286745608764,0,"(a1,a0,a0)"
0.775000000,-0.287450420916,0,"(a1,a0,a0)"
0.776000000,-0.288154347618,0,"(a1,a0,a0)"
0.777000000,-0.288857389744,0,"(a1,a0,a0)"
0.778000000,-0.289559548166,0,"(a1,a0,a0)"
0.779000000,-0.290260823752,0,"(a1,a0,a0)"
0.780000000,-0.290961217371,0,"(a1,a0,a0)"
0.781000000,-0.291660729889,0,"(a1,a0,a0)"
0.782000000,-0.292359362169,0,"(a1,a0,a0)"
0.783000000,-0.293057115073,0,"(a1,a0,a0)"
0.784000000,-0.293753989461,0,"(a1,a0,a0)"
0.785000000,-0.294449986190,0,"(a1,a0,a0)"
0.786000000,-0.295145106118,0,"(a1,a0,a0)"
0.787000000,-0.295839350097,0,"(a1,a0,a0)"
0.788000000,-0.296532718980,0,"(a1,a0,a0)"
0.789000000,-0.297225213618,0,"(a1,a0,a0)"
0.790000000,-0.297916834858,0,"(a1,a0,a0)"
0.791000000,-0.298607583547,0,"(a1,a0,a0)"
0.792000000,-0.299297460529,0,"(a1,a0,a0)"
0.793000000,-0.299986466647,0,"(a1,a0,a0)"
0.794000000,-0.300674602742,0,"(a1,a0,a0)"
0.795000000,-0.301361869652,0,"(a1,a0,a0)"
0.796000000,-0.302048268214,0,"(a1,a0,a0)"
0.797000000,-0.302733799263,0,"(a1,a0,a0)"
0.798000000,-0.303796474015,1,"(a0,a0,a0)"
0.799000000,-0.305840486237,1,"(a0,a0,a0)"
0.800000000,-0.307882869565,1,"(a0,a0,a0)"
0.801000000,-0.309923626289,1,"(a0,a0,a0)"
0.802000000,-0.311962758693,1,"(a0,a0,a0)"
0.803000000,-0.314000269059,1,"(a0,a0,a0)"
0.804000000,-0.316036159664,1,"(a0,a0,a0)"
0.805000000,-0.318070432781,1,"(a0,a0,a0)"
0.806000000,-0.320103090682,1,"(a0,a0,a0)"
0.807000000,-0.322134135632,1,"(a0,a0,a0)"
0.808000000,-0.324163569895,1,"(a0,a0,a0)"
0.809000000,-0.326191395729,1,"(a0,a0,a0)"
0.810000000,-0.328217615389,1,"(a0,a0,a0)"
0.811000000,-0.330242231129,1,"(a0,a0,a0)"
0.812000000,-0.332265245195,1,"(a0,a0,a0)"
0.813000000,-0.334286659832,1,"(a0,a0,a0)"
0.814000000,-0.336306477282,1,"(a0,a0,a0)"
0.815000000,-0.338324699780,1,"(a0,a0,a0)"
0.816000000,-0.340341329562,1,"(a0,a0,a0)"
0.817000000,-0.342356368856,1,"(a0,a0,a0)"
0.818000000,-0.344369819890,1,"(a0,a0,a0)"
0.819000000,-0.346381684887,1,"(a0,a0,a0)"
0.820000000,-0.348391966064,1,"(a0,a0,a0)"
0.821000000,-0.350400665639,1,"(a0,a0,a0)"
0.822000000,-0.352407785823,1,"(a0,a0,a0)"
0.823000000,-0.354413328824,1,"(a0,a0,a0)"
0.824000000,-0.356417296849,1,"(a0,a0,a0)"
0.825000000,-0.358419692098,1,"(a0,a0,a0)"
0.826000000,-0.360420516768,1,"(a0,a0,a0)"
0.827000000,-0.362419773056,1,"(a0,a0,a0)"
0.828000000,-0.364417463151,1,"(a0,a0,a0)"
0.829000000,-0.366413589240,1,"(a0,a0,a0)"
0.830000000,-0.368408153509,1,"(a0,a0,a0)"
0.831000000,-0.370401158136,1,"(a0,a0,a0)"
0.832000000,-0.372392605300,1,"(a0,a0,a0)"
0.833000000,-0.374382497173,1,"(a0,a0,a0)"
0.834000000,-0.376370835925,1,"(a0,a0,a0)"
0.835000000,-0.378357623723,1,"(a0,a0,a0)"
0.836000000,-0.380342862730,1,"(a0,a0,a0)"
0.837000000,-0.382326555106,1,"(a0,a0,a0)"
0.838000000,-0.384308703006,1,"(a0,a0,a0)"
0.839000000,-0.386289308584,1,"(a0,a0,a0)"
0.840000000,-0.388268373988,1,"(a0,a0,a0)"
0.841000000,-0.390245901365,1,"(a0,a0,a0)"
0.842000000,-0.392221892857,1,"(a0,a0,a0)"
0.843000000,-0.394196350603,1,"(a0,a0,a0)"
0.844000000,-0.396169276739,1,"(a0,a0,a0)"
0.845000000,-0.398140673397,1,"(a0,a0,a0)"
0.846000000,-0.400110542706,1,"(a0,a0,a0)"
0.847000000,-0.402078886792,1,"(a0,a0,a0)"
0.848000000,-0.404045707777,1,"(a0,a0,a0)"
0.849000000,-0.406011007779,1,"(a0,a0,a0)"
0.850000000,-0.407974788915,1,"(a0,a0,a0)"
0.851000000,-0.409937053296,1,"(a0,a0,a0)"
0.852000000,-0.411897803032,1,"(a0,a0,a0)"
0.853000000,-0.413857040227,1,"(a0,a0,a0)"
0.854000000,-0.415814766985,1,"(a0,a0,a0)"
0.855000000,-0.417770985403,1,"(a0,a0,a0)"
0.856000000,-0.419725697578,1,"(a0,a0,a0)"
0.857000000,-0.421678905602,1,"(a0,a0,a0)"
0.858000000,-0.423630611564,1,"(a0,a0,a0)"
0.859000000,-0.425580817549,1,"(a0,a0,a0)"
0.860000000,-0.427529525640,1,"(a0,a0,a0)"
0.861000000,-0.429476737917,1,"(a0,a0,a0)"
0.862000000,-0.431422456455,1,"(a0,a0,a0)"
0.863000000,-0.433366683328,1,"(a0,a0,a0)"
0.864000000,-0.435309420603,1,"(a0,a0,a0)"
0.865000000,-0.437250670349,1,"(a0,a0,a0)"
0.866000000,-0.439190434627,1,"(a0,a0,a0)"
0.867000000,-0.441128715498,1,"(a0,a0,a0)"
0.868000000,-0.443065515019,1,"(a0,a0,a0)"
0.869000000,-0.445000835241,1,"(a0,a0,a0)"
0.870000000,-0.446934678217,1,"(a0,a0,a0)"
0.871000000,-0.448867045992,1,"(a0,a0,a0)"
0.872000000,-0.450797940611,1,"(a0,a0,a0)"
0.873000000,-0.452727364115,1,"(a0,a0,a0)"
0.874000000,-0.454655318540,1,"(a0,a0,a0)"
0.875000000,-0.456581805921,1,"(a0,a0,a0)"
0.876000000,-0.458506828290,1,"(a0,a0,a0)"
0.877000000,-0.460430387673,1,"(a0,a0,a0)"
0.878000000,-0.462352486097,1,"(a0,a0,a0)"
0.879000000,-0.464273125583,1,"(a0,a0,a0)"
0.880000000,-0.466192308150,1,"(a0,a0,a0)"
0.881000000,-0.468110035813,1,"(a0,a0,a0)"
0.882000000,-0.470026310584,1,"(a0,a0,a0)"
0.883000000,-0.471941134473,1,"(a0,a0,a0)"
0.884000000,-0.473854509486,1,"(a0,a0,a0)"
0.885000000,-0.475766437626,1,"(a0,a0,a0)"
0.886000000,-0.477676920894,1,"(a0,a0,a0)"
0.887000000,-0.479585961285,1,"(a0,a0,a0)"
0.888000000,-0.481493560795,1,"(a0,a0,a0)"
0.889000000,-0.483399721414,1,"(a0,a0,a0)"
0.890000000,-0.485304445129,1,"(a0,a0,a0)"
0.891000000,-0.487207733925,1,"(a0,a0,a0)"
0.892000000,-0.489109589785,1,"(a0,a0,a0)"
0.893000000,-0.491010014687,1,"(a0,a0,a0)"
0.894000000,-0.492909010606,1,"(a0,a0,a0)"
0.895000000,-0.494806579515,1,"(a0,a0,a0)"
0.896000000,-0.496702723383,1,"(a0,a0,a0)"
0.897000000,-0.498597444178,1,"(a0,a0,a0)"
0.898000000,-0.500490743862,1,"(a0,a0,a0)"
0.899000000,-0.502382624397,1,"(a0,a0,a0)"
0.900000000,-0.504273087740,1,"(a0,a0,a0)"
0.901000000,-0.506162135846,1,"(a0,a0,a0)"
0.902000000,-0.508049770666,1,"(a0,a0,a0)"
0.903000000,-0.509935994149,1,"(a0,a0,a0)"
0.904000000,-0.511820808241,1,"(a0,a0,a0)"
0.905000000,-0.513704214885,1,"(a0,a0,a0)"
0.906000000,-0.515586216019,1,"(a0,a0,a0)"
0.907000000,-0.517466813583,1,"(a0,a0,a0)"
0.908000000,-0.519346009508,1,"(a0,a0,a0)"
0.909000000,-0.521223805727,1,"(a0,a0,a0)"
0.910000000,-0.523100204168,1,"(a0,a0,a0)"
0.911000000,-0.524975206755,1,"(a0,a0,a0)"
0.912000000,-0.526848815411,1,"(a0,a0,a0)"
0.913000000,-0.528721032056,1,"(a0,a0,a0)"
0.914000000,-0.530591858605,1,"(a0,a0,a0)"
0.915000000,-0.532461296974,1,"(a0,a0,a0)"
0.916000000,-0.534329349071,1,"(a0,a0,a0)"
0.917000000,-0.536196016806,1,"(a0,a0,a0)"
0.918000000,-0.538061302083,1,"(a0,a0,a0)"
0.919000000,-0.539925206805,1,"(a0,a0,a0)"
0.920000000,-0.541787732870,1,"(a0,a0,a0)"
0.921000000,-0.543648882176,1,"(a0,a0,a0)"
0.922000000,-0.545508656616,1,"(a0,a0,a0)"
0.923000000,-0.547367058080,1,"(a0,a0,a0)"
0.924000000,-0.549224088456,1,"(a0,a0,a0)"
0.925000000,-0.551079749631,1,"(a0,a0,a0)"
0.926000000,-0.552934043485,1,"(a0,a0,a0)"
0.927000000,-0.554786971899,1,"(a0,a0,a0)"
0.928000000,-0.556638536750,1,"(a0,a0,a0)"
0.929000000,-0.558488739910,1,"(a0,a0,a0)"
0.930000000,-0.560337583252,1,"(a0,a0,a0)"
0.931000000,-0.562185068644,1,"(a0,a0,a0)"
0.932000000,-0.564031197951,1,"(a0,a0,a0)"
0.933000000,-0.565875973035,1,"(a0,a0,a0)"
0.934000000,-0.567719395758,1,"(a0,a0,a0)"
0.935000000,-0.569561467977,1,"(a0,a0,a0)"
0.936000000,-0.571402191545,1,"(a0,a0,a0)"
0.937000000,-0.573241568315,1,"(a0,a0,a0)"
0.938000000,-0.575079600135,1,"(a0,a0,a0)"
0.939000000,-0.576916288852,1,"(a0,a0,a0)"
0.940000000,-0.578751636311,1,"(a0,a0,a0)"
0.941000000,-0.580585644350,1,"(a0,a0,a0)"
0.942000000,-0.582418314809,1,"(a0,a0,a0)"
0.943000000,-0.584249649523,1,"(a0,a0,a0)"
0.944000000,-0.586079650325,1,"(a0,a0,a0)"
0.945000000,-0.587908319045,1,"(a0,a0,a0)"
0.946000000,-0.589735657509,1,"(a0,a0,a0)"
0.947000000,-0.591561667544,1,"(a0,a0,a0)"
0.948000000,-0.593386350970,1,"(a0,a0,a0)"
0.949000000,-0.595209709608,1,"(a0,a0,a0)"
0.950000000,-0.597031745273,1,"(a0,a0,a0)"
0.951000000,-0.598852459780,1,"(a0,a0,a0)"
0.952000000,-0.600671854940,1,"(a0,a0,a0)"
0.953000000,-0.602489932562,1,"(a0,a0,a0)"
0.954000000,-0.604306694452,1,"(a0,a0,a0)"
0.955000000,-0.606122142412,1,"(a0,a0,a0)"
0.956000000,-0.607936278245,1,"(a0,a0,a0)"
0.957000000,-0.609749103748,1,"(a0,a0,a0)"
0.958000000,-0.611560620717,1,"(a0,a0,a0)"
0.959000000,-0.613370830944,1,"(a0,a0,a0)"
0.960000000,-0.615179736220,1,"(a0,a0,a0)"
0.961000000,-0.616987338333,1,"(a0,a0,a0)"
0.962000000,-0.618793639068,1,"(a0,a0,a0)"
0.963000000,-0.620598640207,1,"(a0,a0,a0)"
0.964000000,-0.622402343530,1,"(a0,a0,a0)"
0.965000000,-0.624204750815,1,"(a0,a0,a0)"
0.966000000,-0.626005863837,1,"(a0,a0,a0)"
0.967000000,-0.627805684367,1,"(a0,a0,a0)"
0.968000000,-0.629604214176,1,"(a0,a0,a0)"
0.969000000,-0.631401455030,1,"(a0,a0,a0)"
0.970000000,-0.633197408694,1,"(a0,a0,a0)"
0.971000000,-0.634992076930,1,"(a0,a0,a0)"
0.972000000,-0.636785461498,1,"(a0,a0,a0)"
0.973000000,-0.638577564155,1,"(a0,a0,a0)"
0.974000000,-0.640368386655,1,"(a0,a0,a0)"
0.975000000,-0.642157930749,1,"(a0,a0,a0)"
0.976000000,-0.643946198189,1,"(a0,a0,a0)"
0.977000000,-0.645733190719,1,"(a0,a0,a0)"
0.978000000,-0.647518910085,1,"(a0,a0,a0)"
0.979000000,-0.649303358029,1,"(a0,a0,a0)"
0.980000000,-0.651086536290,1,"(a0,a0,a0)"
0.981000000,-0.652868446605,1,"(a0,a0,a0)"
0.982000000,-0.654649090709,1,"(a0,a0,a0)"
0.983000000,-0.656428470333,1,"(a0,a0,a0)"
0.984000000,-0.658206587207,1,"(a0,a0,a0)"
0.985000000,-0.659983443058,1,"(a0,a0,a0)"
0.986000000,-0.661759039611,1,"(a0,a0,a0)"
0.987000000,-0.663533378588,1,"(a0,a0,a0)"
0.988000000,-0.665306461708,1,"(a0,a0,a0)"
0.989000000,-0.667078290688,1,"(a0,a0,a0)"
0.990000000,-0.668848867245,1,"(a0,a0,a0)"
0.991000000,-0.670618193089,1,"(a0,a0,a0)"
0.992000000,-0.672386269932,1,"(a0,a0,a0)"
0.993000000,-0.674153099480,1,"(a0,a0,a0)"
0.994000000,-0.675918683438,1,"(a0,a0,a0)"
0.995000000,-0.677683023510,1,"(a0,a0,a0)"
0.996000000,-0.679446121396,1,"(a0,a0,a0)"
0.997000000,-0.681207978794,1,"(a0,a0,a0)"
0.998000000,-0.682968597398,1,"(a0,a0,a0)"
0.999000000,-0.684727978904,1,"(a0,a0,a0)"
1.000000000,-0.686486125000,1,"(a0,a0,a0)"
